http://myronmarston.blogspot.com/2008/10/summer-2007-travels-part-3-chengdu.html, http://myronmarston.com/china/2008/10/19/summer-2007-travels-part-3-chengdu
http://myronmarston.blogspot.com/2008/10/summer-2007-travels-part-2-tiger.html, http://myronmarston.com/china/2008/10/14/summer-2007-travels-part-2-tiger
http://myronmarston.blogspot.com/2008/10/summer-2007-travels-part-1-lijiang.html, http://myronmarston.com/china/2008/10/11/summer-2007-travels-part-1-lijiang
http://myronmarston.blogspot.com/2008/09/april-2007-shandong-trip.html, http://myronmarston.com/china/2008/09/20/april-2007-shandong-trip
http://myronmarston.blogspot.com/2008/09/life-update.html, http://myronmarston.com/china/2008/09/16/life-update
http://myronmarston.blogspot.com/2008/08/olympics.html, http://myronmarston.com/china/2008/08/07/olympics
http://myronmarston.blogspot.com/2008/06/whats-next.html, http://myronmarston.com/china/2008/06/25/whats-next
http://myronmarston.blogspot.com/2008/06/winter-travels-wrap-up.html, http://myronmarston.com/china/2008/06/22/winter-travels-wrap-up
http://myronmarston.blogspot.com/2008/06/handan.html, http://myronmarston.com/china/2008/06/18/handan
http://myronmarston.blogspot.com/2008/06/pucheng.html, http://myronmarston.com/china/2008/06/11/pucheng
http://myronmarston.blogspot.com/2008/06/uighur-music.html, http://myronmarston.com/china/2008/06/08/uighur-music
http://myronmarston.blogspot.com/2008/06/kashgar-xinjiang.html, http://myronmarston.com/china/2008/06/01/kashgar-xinjiang
http://myronmarston.blogspot.com/2008/05/earthquake-relief.html, http://myronmarston.com/china/2008/05/14/earthquake-relief
http://myronmarston.blogspot.com/2008/05/urumqi-xinjiang.html, http://myronmarston.com/china/2008/05/14/urumqi-xinjiang
http://myronmarston.blogspot.com/2008/05/earthquake.html, http://myronmarston.com/china/2008/05/12/earthquake
http://myronmarston.blogspot.com/2008/05/lanzhou.html, http://myronmarston.com/china/2008/05/05/lanzhou
http://myronmarston.blogspot.com/2008/05/shigatse-tibet.html, http://myronmarston.com/china/2008/04/30/shigatse-tibet
http://myronmarston.blogspot.com/2008/04/lhasa-tibet.html, http://myronmarston.com/china/2008/04/25/lhasa-tibet
http://myronmarston.blogspot.com/2008/04/information-access-and-propaganda-in.html, http://myronmarston.com/china/2008/04/21/information-access-and-propaganda-in
http://myronmarston.blogspot.com/2008/04/shenzhen-chengdu.html, http://myronmarston.com/china/2008/04/20/shenzhen-chengdu
http://myronmarston.blogspot.com/2008/04/krabi-phuket.html, http://myronmarston.com/china/2008/04/17/krabi-phuket
http://myronmarston.blogspot.com/2008/04/chiang-mai.html, http://myronmarston.com/china/2008/04/12/chiang-mai
http://myronmarston.blogspot.com/2008/04/bangkok.html, http://myronmarston.com/china/2008/04/04/bangkok
http://myronmarston.blogspot.com/2008/04/shenzhen-hong-kong.html, http://myronmarston.com/china/2008/04/02/shenzhen-hong-kong
http://myronmarston.blogspot.com/2008/03/winter-travels-2008-summary.html, http://myronmarston.com/china/2008/03/08/winter-travels-2008-summary
http://myronmarston.blogspot.com/2008/02/spring-semester-has-begun.html, http://myronmarston.com/china/2008/02/26/spring-semester-has-begun
http://myronmarston.blogspot.com/2008/01/thailand.html, http://myronmarston.com/china/2008/01/21/thailand
http://myronmarston.blogspot.com/2008/01/new-webbsite-and-winter-travels.html, http://myronmarston.com/china/2008/01/13/new-webbsite-and-winter-travels
http://myronmarston.blogspot.com/2007/10/hanging-monastery.html, http://myronmarston.com/china/2007/10/15/hanging-monastery
http://myronmarston.blogspot.com/2007/10/yungang-caves.html, http://myronmarston.com/china/2007/10/12/yungang-caves
http://myronmarston.blogspot.com/2007/10/qiao-family-courtyard-house.html, http://myronmarston.com/china/2007/10/10/qiao-family-courtyard-house
http://myronmarston.blogspot.com/2007/10/pingyao.html, http://myronmarston.com/china/2007/10/05/pingyao
http://myronmarston.blogspot.com/2007/10/travel-pictures.html, http://myronmarston.com/china/2007/10/05/travel-pictures
http://myronmarston.blogspot.com/2007/10/travelling.html, http://myronmarston.com/china/2007/09/30/travelling
http://myronmarston.blogspot.com/2007/08/back-to-china.html, http://myronmarston.com/china/2007/08/22/back-to-china
http://myronmarston.blogspot.com/2007/08/ghosts-spirits.html, http://myronmarston.com/china/2007/08/22/ghosts-spirits
http://myronmarston.blogspot.com/2007/06/miscellaneous-update.html, http://myronmarston.com/china/2007/06/10/miscellaneous-update
http://myronmarston.blogspot.com/2007/05/my-job-this-semester.html, http://myronmarston.com/china/2007/05/05/my-job-this-semester
http://myronmarston.blogspot.com/2007/04/winter-travels-recap.html, http://myronmarston.com/china/2007/04/24/winter-travels-recap
http://myronmarston.blogspot.com/2007/04/my-winter-travels-part-16-beijing-again.html, http://myronmarston.com/china/2007/04/16/my-winter-travels-part-16-beijing-again
http://myronmarston.blogspot.com/2007/04/my-winter-travels-part-15-xian.html, http://myronmarston.com/china/2007/04/15/my-winter-travels-part-15-xian
http://myronmarston.blogspot.com/2007/04/my-winter-travels-part-14-beijing.html, http://myronmarston.com/china/2007/04/14/my-winter-travels-part-14-beijing
http://myronmarston.blogspot.com/2007/04/my-winter-travels-part-13-huang-shan.html, http://myronmarston.com/china/2007/04/03/my-winter-travels-part-13-huang-shan
http://myronmarston.blogspot.com/2007/04/my-winter-travels-part-12-hangzhou.html, http://myronmarston.com/china/2007/04/01/my-winter-travels-part-12-hangzhou
http://myronmarston.blogspot.com/2007/04/my-winter-travels-part-11-suzhou.html, http://myronmarston.com/china/2007/04/01/my-winter-travels-part-11-suzhou
http://myronmarston.blogspot.com/2007/03/my-winter-travels-part-10-zhujiajiao.html, http://myronmarston.com/china/2007/03/31/my-winter-travels-part-10-zhujiajiao
http://myronmarston.blogspot.com/2007/03/my-winter-travels-part-9-shanghai.html, http://myronmarston.com/china/2007/03/28/my-winter-travels-part-9-shanghai
http://myronmarston.blogspot.com/2007/03/my-winter-travels-part-8-tokyo.html, http://myronmarston.com/china/2007/03/27/my-winter-travels-part-8-tokyo
http://myronmarston.blogspot.com/2007/03/my-winter-travels-part-7-matsushima.html, http://myronmarston.com/china/2007/03/21/my-winter-travels-part-7-matsushima
http://myronmarston.blogspot.com/2007/03/my-winter-travels-part-6-yamadera.html, http://myronmarston.com/china/2007/03/19/my-winter-travels-part-6-yamadera
http://myronmarston.blogspot.com/2007/03/my-winter-travels-part-5-sendai.html, http://myronmarston.com/china/2007/03/18/my-winter-travels-part-5-sendai
http://myronmarston.blogspot.com/2007/03/my-winter-travels-part-4-yangshuo.html, http://myronmarston.com/china/2007/03/15/my-winter-travels-part-4-yangshuo
http://myronmarston.blogspot.com/2007/03/my-winter-travels-part-3-guilin.html, http://myronmarston.com/china/2007/03/14/my-winter-travels-part-3-guilin
http://myronmarston.blogspot.com/2007/03/my-winter-travels-part-2-hainan.html, http://myronmarston.com/china/2007/03/10/my-winter-travels-part-2-hainan
http://myronmarston.blogspot.com/2007/03/my-winter-travels-part-1-harbin.html, http://myronmarston.com/china/2007/03/08/my-winter-travels-part-1-harbin
http://myronmarston.blogspot.com/2007/03/snow.html, http://myronmarston.com/china/2007/03/04/snow
http://myronmarston.blogspot.com/2007/02/trip-summary.html, http://myronmarston.com/china/2007/02/28/trip-summary
http://myronmarston.blogspot.com/2007/01/winter-vacation.html, http://myronmarston.com/china/2007/01/07/winter-vacation
http://myronmarston.blogspot.com/2006/12/christmas-packages.html, http://myronmarston.com/china/2006/12/22/christmas-packages
http://myronmarston.blogspot.com/2006/12/bowling.html, http://myronmarston.com/china/2006/12/17/bowling
http://myronmarston.blogspot.com/2006/12/w-xux-hny.html, http://myronmarston.com/china/2006/12/08/w-xux-hny
http://myronmarston.blogspot.com/2006/12/snow-winter-vacation-and-more.html, http://myronmarston.com/china/2006/12/06/snow-winter-vacation-and-more
http://myronmarston.blogspot.com/2006/11/ganen-jie.html, http://myronmarston.com/china/2006/11/23/ganen-jie
http://myronmarston.blogspot.com/2006/11/chinese-cuisine.html, http://myronmarston.com/china/2006/11/12/chinese-cuisine
http://myronmarston.blogspot.com/2006/11/halloween.html, http://myronmarston.com/china/2006/11/08/halloween
http://myronmarston.blogspot.com/2006/11/miscellaneous-update.html, http://myronmarston.com/china/2006/10/31/miscellaneous-update
http://myronmarston.blogspot.com/2006/10/mp3-players.html, http://myronmarston.com/china/2006/10/20/mp3-players
http://myronmarston.blogspot.com/2006/10/only-in-china.html, http://myronmarston.com/china/2006/10/20/only-in-china
http://myronmarston.blogspot.com/2006/10/teaching.html, http://myronmarston.com/china/2006/10/15/teaching
http://myronmarston.blogspot.com/2006/10/my-national-day-holiday-travels.html, http://myronmarston.com/china/2006/10/08/my-national-day-holiday-travels
http://myronmarston.blogspot.com/2006/09/national-day-holiday.html, http://myronmarston.com/china/2006/09/27/national-day-holiday
http://myronmarston.blogspot.com/2006/09/my-apartment.html, http://myronmarston.com/china/2006/09/27/my-apartment
http://myronmarston.blogspot.com/2006/09/lao-long-tou.html, http://myronmarston.com/china/2006/09/25/lao-long-tou
http://myronmarston.blogspot.com/2006/09/my-chinese-acting-debut.html, http://myronmarston.com/china/2006/09/24/my-chinese-acting-debut
http://myronmarston.blogspot.com/2006/09/new-blog-home.html, http://myronmarston.com/china/2006/09/23/new-blog-home
